{
  "statistics": {
    "best": 251.51450471801337,
    "worst": 320.97217005742687,
    "mean": 286.9215791636944,
    "std": 19.489373158073274,
    "median": 287.99999999999994,
    "best_run": 5.0,
    "worst_run": 7.0
  },
  "all_fitness_values": [
    287.99999999999994,
    311.9999999999999,
    287.99999999999994,
    264.0,
    251.51450471801337,
    273.43712187380424,
    320.97217005742687,
    290.95058505811,
    287.99999999999983,
    292.34140992958953
  ],
  "configuration": {
    "population_size": 100,
    "generations": 500,
    "mutation_rate": 0.02,
    "crossover_rate": 0.8,
    "elitism_rate": 0.1,
    "penalty_weight": 100.0,
    "num_runs": 10
  },
  "timestamp": "20251231_210451"
}